STATION,STATION_NAME,DATE,PRCP,SNWD,SNOW,TMAX,TMIN,AWND,WDF2,WDF5,WSF2,WSF5,PGTM,WT09,WT01,WT06,WT05,WT02,WT04,WT08,WT03
GHCND:USW00014768,ROCHESTER GREATER ROCHESTER INTERNATIONAL AIRPORT NY US,20140101,10,0,53,-55,-93,40,260,260,81,107,-9999,-9999,-9999,-9999,-9999,-9999,-9999,-9999,-9999
GHCND:USW00014768,ROCHESTER GREATER ROCHESTER INTERNATIONAL AIRPORT NY US,20140102,86,100,203,-93,-149,73,40,30,125,161,-9999,-9999,-9999,-9999,-9999,-9999,-9999,-9999,-9999
GHCND:USW00014768,ROCHESTER GREATER ROCHESTER INTERNATIONAL AIRPORT NY US,20140103,5,250,23,-132,-210,36,10,10,94,116,-9999,-9999,-9999,-9999,-9999,-9999,-9999,-9999,-9999
GHCND:USW00014768,ROCHESTER GREATER ROCHESTER INTERNATIONAL AIRPORT NY US,20140104,0,230,0,28,-171,41,200,210,103,139,-9999,-9999,-9999,-9999,-9999,-9999,-9999,-9999,-9999
GHCND:USW00014768,ROCHESTER GREATER ROCHESTER INTERNATIONAL AIRPORT NY US,20140105,5,200,0,83,-27,28,180,190,103,143,-9999,-9999,-9999,-9999,-9999,-9999,-9999,-9999,-9999
GHCND:USW00014768,ROCHESTER GREATER ROCHESTER INTERNATIONAL AIRPORT NY US,20140106,18,50,8,89,-155,104,250,250,170,219,-9999,1,-9999,-9999,-9999,-9999,-9999,-9999,-9999
GHCND:USW00014768,ROCHESTER GREATER ROCHESTER INTERNATIONAL AIRPORT NY US,20140107,5,50,18,-149,-193,98,250,230,139,201,-9999,1,-9999,-9999,-9999,-9999,-9999,-9999,-9999
GHCND:USW00014768,ROCHESTER GREATER ROCHESTER INTERNATIONAL AIRPORT NY US,20140108,0,50,3,-66,-155,44,240,240,89,107,-9999,-9999,-9999,-9999,-9999,-9999,-9999,-9999,-9999
GHCND:USW00014768,ROCHESTER GREATER ROCHESTER INTERNATIONAL AIRPORT NY US,20140109,0,50,0,-38,-116,31,230,230,58,67,-9999,-9999,-9999,-9999,-9999,-9999,-9999,-9999,-9999
GHCND:USW00014768,ROCHESTER GREATER ROCHESTER INTERNATIONAL AIRPORT NY US,20140110,15,50,15,50,-55,23,160,180,54,72,-9999,-9999,1,-9999,-9999,-9999,-9999,-9999,-9999
GHCND:USW00014768,ROCHESTER GREATER ROCHESTER INTERNATIONAL AIRPORT NY US,20140111,74,0,0,117,28,62,260,250,161,215,-9999,-9999,-9999,-9999,-9999,-9999,-9999,-9999,-9999
GHCND:USW00014768,ROCHESTER GREATER ROCHESTER INTERNATIONAL AIRPORT NY US,20140112,0,0,0,28,-5,65,260,260,130,157,-9999,-9999,1,-9999,-9999,-9999,-9999,-9999,-9999
GHCND:USW00014768,ROCHESTER GREATER ROCHESTER INTERNATIONAL AIRPORT NY US,20140113,0,0,0,117,11,53,220,230,107,130,-9999,-9999,-9999,-9999,-9999,-9999,-9999,-9999,-9999
GHCND:USW00014768,ROCHESTER GREATER ROCHESTER INTERNATIONAL AIRPORT NY US,20140114,0,0,0,78,-38,30,260,250,72,89,-9999,-9999,-9999,-9999,-9999,-9999,-9999,-9999,-9999
GHCND:USW00014768,ROCHESTER GREATER ROCHESTER INTERNATIONAL AIRPORT NY US,20140115,5,0,0,28,-21,46,270,270,98,134,-9999,-9999,-9999,-9999,-9999,-9999,-9999,-9999,-9999
GHCND:USW00014768,ROCHESTER GREATER ROCHESTER INTERNATIONAL AIRPORT NY US,20140116,0,0,3,11,-32,26,200,330,63,94,-9999,-9999,1,-9999,-9999,-9999,-9999,-9999,-9999
GHCND:USW00014768,ROCHESTER GREATER ROCHESTER INTERNATIONAL AIRPORT NY US,20140117,0,0,0,44,-32,30,240,250,112,139,-9999,-9999,-9999,-9999,-9999,-9999,-9999,-9999,-9999
GHCND:USW00014768,ROCHESTER GREATER ROCHESTER INTERNATIONAL AIRPORT NY US,20140118,13,30,23,-10,-82,66,250,270,112,148,-9999,-9999,-9999,-9999,-9999,-9999,-9999,-9999,-9999
GHCND:USW00014768,ROCHESTER GREATER ROCHESTER INTERNATIONAL AIRPORT NY US,20140119,3,0,5,-5,-82,75,260,270,165,215,-9999,-9999,-9999,-9999,-9999,-9999,-9999,1,-9999
GHCND:USW00014768,ROCHESTER GREATER ROCHESTER INTERNATIONAL AIRPORT NY US,20140120,25,30,38,-5,-116,52,260,260,112,148,-9999,-9999,-9999,-9999,-9999,-9999,-9999,-9999,-9999
GHCND:USW00014768,ROCHESTER GREATER ROCHESTER INTERNATIONAL AIRPORT NY US,20140121,10,50,28,-116,-155,41,30,20,72,89,-9999,-9999,-9999,-9999,-9999,-9999,-9999,-9999,-9999
GHCND:USW00014768,ROCHESTER GREATER ROCHESTER INTERNATIONAL AIRPORT NY US,20140122,3,80,5,-127,-205,26,30,340,63,67,-9999,-9999,-9999,-9999,-9999,-9999,-9999,-9999,-9999
GHCND:USW00014768,ROCHESTER GREATER ROCHESTER INTERNATIONAL AIRPORT NY US,20140123,8,50,18,-105,-166,34,300,310,72,94,-9999,-9999,1,-9999,-9999,-9999,-9999,-9999,-9999
GHCND:USW00014768,ROCHESTER GREATER ROCHESTER INTERNATIONAL AIRPORT NY US,20140124,0,80,0,-77,-177,60,240,230,130,165,-9999,-9999,-9999,-9999,-9999,-9999,-9999,-9999,-9999
GHCND:USW00014768,ROCHESTER GREATER ROCHESTER INTERNATIONAL AIRPORT NY US,20140125,10,80,38,-27,-116,70,310,320,107,165,-9999,-9999,-9999,-9999,-9999,-9999,-9999,-9999,-9999
GHCND:USW00014768,ROCHESTER GREATER ROCHESTER INTERNATIONAL AIRPORT NY US,20140126,0,100,0,-27,-149,51,240,200,89,112,-9999,-9999,-9999,-9999,-9999,-9999,-9999,-9999,-9999
GHCND:USW00014768,ROCHESTER GREATER ROCHESTER INTERNATIONAL AIRPORT NY US,20140127,18,100,48,17,-149,75,250,290,143,192,-9999,-9999,-9999,-9999,-9999,-9999,-9999,-9999,-9999
GHCND:USW00014768,ROCHESTER GREATER ROCHESTER INTERNATIONAL AIRPORT NY US,20140128,0,80,0,-121,-177,66,250,250,107,143,-9999,-9999,-9999,-9999,-9999,-9999,-9999,-9999,-9999
GHCND:USW00014768,ROCHESTER GREATER ROCHESTER INTERNATIONAL AIRPORT NY US,20140129,0,50,0,-93,-182,75,260,250,161,215,-9999,-9999,-9999,-9999,-9999,-9999,-9999,1,-9999
GHCND:USW00014768,ROCHESTER GREATER ROCHESTER INTERNATIONAL AIRPORT NY US,20140130,0,50,0,-5,-138,47,210,200,94,125,-9999,-9999,-9999,-9999,-9999,-9999,-9999,-9999,-9999
GHCND:USW00014768,ROCHESTER GREATER ROCHESTER INTERNATIONAL AIRPORT NY US,20140131,0,50,0,17,-21,49,260,250,103,134,-9999,-9999,-9999,-9999,-9999,-9999,-9999,-9999,-9999
GHCND:USW00014768,ROCHESTER GREATER ROCHESTER INTERNATIONAL AIRPORT NY US,20140201,41,50,0,50,-55,19,210,210,67,98,-9999,-9999,-9999,-9999,-9999,-9999,-9999,-9999,-9999
GHCND:USW00014768,ROCHESTER GREATER ROCHESTER INTERNATIONAL AIRPORT NY US,20140202,10,0,0,39,-21,33,270,280,67,89,-9999,-9999,1,-9999,-9999,-9999,-9999,-9999,-9999
GHCND:USW00014768,ROCHESTER GREATER ROCHESTER INTERNATIONAL AIRPORT NY US,20140203,0,0,3,-21,-105,29,20,10,58,67,-9999,-9999,-9999,-9999,-9999,-9999,-9999,-9999,-9999
GHCND:USW00014768,ROCHESTER GREATER ROCHESTER INTERNATIONAL AIRPORT NY US,20140204,0,0,0,-27,-110,19,80,60,54,63,-9999,-9999,1,-9999,-9999,-9999,-9999,-9999,-9999
GHCND:USW00014768,ROCHESTER GREATER ROCHESTER INTERNATIONAL AIRPORT NY US,20140205,173,50,323,-38,-82,60,40,60,116,148,-9999,-9999,-9999,-9999,-9999,-9999,-9999,-9999,-9999
GHCND:USW00014768,ROCHESTER GREATER ROCHESTER INTERNATIONAL AIRPORT NY US,20140206,0,230,5,-66,-166,36,250,260,98,134,-9999,-9999,-9999,-9999,-9999,-9999,-9999,-9999,-9999
GHCND:USW00014768,ROCHESTER GREATER ROCHESTER INTERNATIONAL AIRPORT NY US,20140207,0,180,3,-77,-138,73,260,260,130,170,-9999,1,-9999,-9999,-9999,-9999,-9999,-9999,-9999
GHCND:USW00014768,ROCHESTER GREATER ROCHESTER INTERNATIONAL AIRPORT NY US,20140208,0,150,0,-71,-182,35,250,250,72,94,-9999,-9999,-9999,-9999,-9999,-9999,-9999,-9999,-9999
GHCND:USW00014768,ROCHESTER GREATER ROCHESTER INTERNATIONAL AIRPORT NY US,20140209,38,150,48,-66,-138,26,270,280,72,89,-9999,-9999,1,-9999,-9999,-9999,-9999,-9999,-9999
GHCND:USW00014768,ROCHESTER GREATER ROCHESTER INTERNATIONAL AIRPORT NY US,20140210,5,180,23,-55,-116,48,270,270,76,103,-9999,-9999,-9999,-9999,-9999,-9999,-9999,-9999,-9999
GHCND:USW00014768,ROCHESTER GREATER ROCHESTER INTERNATIONAL AIRPORT NY US,20140211,8,180,15,-77,-132,38,300,330,72,94,-9999,-9999,-9999,-9999,-9999,-9999,-9999,-9999,-9999
GHCND:USW00014768,ROCHESTER GREATER ROCHESTER INTERNATIONAL AIRPORT NY US,20140212,0,150,0,-38,-205,28,120,170,54,76,-9999,-9999,-9999,-9999,-9999,-9999,-9999,-9999,-9999
GHCND:USW00014768,ROCHESTER GREATER ROCHESTER INTERNATIONAL AIRPORT NY US,20140213,30,150,48,-32,-132,30,50,40,81,98,-9999,-9999,1,-9999,-9999,-9999,-9999,-9999,-9999
GHCND:USW00014768,ROCHESTER GREATER ROCHESTER INTERNATIONAL AIRPORT NY US,20140214,3,180,5,0,-49,51,260,260,112,148,-9999,-9999,-9999,-9999,-9999,-9999,-9999,-9999,-9999
GHCND:USW00014768,ROCHESTER GREATER ROCHESTER INTERNATIONAL AIRPORT NY US,20140215,28,180,46,-16,-82,41,260,260,81,107,-9999,-9999,1,-9999,-9999,-9999,-9999,-9999,-9999
GHCND:USW00014768,ROCHESTER GREATER ROCHESTER INTERNATIONAL AIRPORT NY US,20140216,8,200,18,-71,-132,40,310,320,72,94,-9999,-9999,-9999,-9999,-9999,-9999,-9999,-9999,-9999
GHCND:USW00014768,ROCHESTER GREATER ROCHESTER INTERNATIONAL AIRPORT NY US,20140217,0,180,0,-27,-188,38,120,130,76,103,-9999,-9999,-9999,-9999,-9999,-9999,-9999,-9999,-9999
GHCND:USW00014768,ROCHESTER GREATER ROCHESTER INTERNATIONAL AIRPORT NY US,20140218,5,150,18,-5,-60,66,160,170,148,192,-9999,-9999,-9999,-9999,-9999,-9999,-9999,-9999,-9999
GHCND:USW00014768,ROCHESTER GREATER ROCHESTER INTERNATIONAL AIRPORT NY US,20140219,0,150,0,100,-49,47,310,320,103,157,-9999,-9999,1,-9999,-9999,-9999,-9999,-9999,-9999
GHCND:USW00014768,ROCHESTER GREATER ROCHESTER INTERNATIONAL AIRPORT NY US,20140220,175,80,0,61,-16,37,110,110,81,103,-9999,-9999,-9999,-9999,-9999,-9999,-9999,-9999,-9999
GHCND:USW00014768,ROCHESTER GREATER ROCHESTER INTERNATIONAL AIRPORT NY US,20140221,30,50,0,89,11,57,230,220,125,161,-9999,-9999,-9999,-9999,-9999,-9999,-9999,-9999,-9999
GHCND:USW00014768,ROCHESTER GREATER ROCHESTER INTERNATIONAL AIRPORT NY US,20140222,0,30,0,67,22,91,250,250,192,259,-9999,-9999,-9999,-9999,-9999,-9999,-9999,-9999,-9999
GHCND:USW00014768,ROCHESTER GREATER ROCHESTER INTERNATIONAL AIRPORT NY US,20140223,0,0,0,44,-27,67,260,260,116,161,-9999,-9999,-9999,-9999,-9999,-9999,-9999,-9999,-9999
GHCND:USW00014768,ROCHESTER GREATER ROCHESTER INTERNATIONAL AIRPORT NY US,20140224,5,0,15,-27,-71,67,270,270,125,165,-9999,-9999,1,-9999,-9999,-9999,-9999,-9999,-9999
GHCND:USW00014768,ROCHESTER GREATER ROCHESTER INTERNATIONAL AIRPORT NY US,20140225,8,30,18,-55,-82,54,250,260,98,125,-9999,-9999,1,-9999,-9999,-9999,-9999,-9999,-9999
GHCND:USW00014768,ROCHESTER GREATER ROCHESTER INTERNATIONAL AIRPORT NY US,20140226,5,30,18,-71,-132,62,270,260,116,157,-9999,-9999,-9999,-9999,-9999,-9999,-9999,-9999,-9999
GHCND:USW00014768,ROCHESTER GREATER ROCHESTER INTERNATIONAL AIRPORT NY US,20140227,36,0,56,-71,-143,69,280,270,130,192,-9999,-9999,-9999,-9999,-9999,-9999,-9999,-9999,-9999
GHCND:USW00014768,ROCHESTER GREATER ROCHESTER INTERNATIONAL AIRPORT NY US,20140228,0,50,8,-88,-171,33,250,260,67,89,-9999,-9999,-9999,-9999,-9999,-9999,-9999,-9999,-9999
GHCND:USW00014768,ROCHESTER GREATER ROCHESTER INTERNATIONAL AIRPORT NY US,20140301,3,50,8,39,-116,36,330,340,81,112,-9999,-9999,-9999,-9999,-9999,-9999,-9999,1,-9999
GHCND:USW00014768,ROCHESTER GREATER ROCHESTER INTERNATIONAL AIRPORT NY US,20140302,8,50,13,-66,-127,42,320,320,76,94,-9999,-9999,-9999,-9999,-9999,-9999,-9999,1,-9999
GHCND:USW00014768,ROCHESTER GREATER ROCHESTER INTERNATIONAL AIRPORT NY US,20140303,3,50,8,-105,-171,43,320,340,72,94,-9999,-9999,-9999,-9999,-9999,-9999,-9999,1,-9999
GHCND:USW00014768,ROCHESTER GREATER ROCHESTER INTERNATIONAL AIRPORT NY US,20140304,8,50,13,-77,-182,18,250,260,54,63,-9999,-9999,-9999,-9999,-9999,-9999,-9999,-9999,-9999
GHCND:USW00014768,ROCHESTER GREATER ROCHESTER INTERNATIONAL AIRPORT NY US,20140305,10,80,41,-60,-171,26,10,20,81,103,-9999,-9999,-9999,-9999,-9999,-9999,-9999,-9999,-9999
GHCND:USW00014768,ROCHESTER GREATER ROCHESTER INTERNATIONAL AIRPORT NY US,20140306,0,80,0,-32,-227,27,100,100,72,89,-9999,-9999,-9999,-9999,-9999,-9999,-9999,-9999,-9999
GHCND:USW00014768,ROCHESTER GREATER ROCHESTER INTERNATIONAL AIRPORT NY US,20140307,0,50,0,78,-82,23,190,190,72,98,-9999,-9999,-9999,-9999,-9999,-9999,-9999,-9999,-9999
GHCND:USW00014768,ROCHESTER GREATER ROCHESTER INTERNATIONAL AIRPORT NY US,20140308,0,30,3,33,-32,34,300,300,76,112,-9999,-9999,-9999,-9999,-9999,-9999,-9999,-9999,-9999
GHCND:USW00014768,ROCHESTER GREATER ROCHESTER INTERNATIONAL AIRPORT NY US,20140309,0,0,0,28,-66,61,260,260,107,134,-9999,-9999,-9999,-9999,-9999,-9999,-9999,-9999,-9999
GHCND:USW00014768,ROCHESTER GREATER ROCHESTER INTERNATIONAL AIRPORT NY US,20140310,0,0,0,94,22,52,270,250,125,174,-9999,-9999,-9999,-9999,-9999,-9999,-9999,1,-9999
GHCND:USW00014768,ROCHESTER GREATER ROCHESTER INTERNATIONAL AIRPORT NY US,20140311,0,0,0,128,33,29,260,250,98,116,-9999,-9999,-9999,-9999,-9999,-9999,-9999,-9999,-9999
GHCND:USW00014768,ROCHESTER GREATER ROCHESTER INTERNATIONAL AIRPORT NY US,20140312,193,0,378,61,-105,90,40,30,170,233,-9999,-9999,-9999,-9999,-9999,-9999,-9999,-9999,-9999
GHCND:USW00014768,ROCHESTER GREATER ROCHESTER INTERNATIONAL AIRPORT NY US,20140313,15,410,28,-77,-132,63,290,280,112,148,-9999,-9999,-9999,-9999,-9999,-9999,-9999,1,-9999
GHCND:USW00014768,ROCHESTER GREATER ROCHESTER INTERNATIONAL AIRPORT NY US,20140314,15,360,0,122,-88,58,240,250,125,174,-9999,-9999,-9999,-9999,-9999,-9999,-9999,-9999,-9999
GHCND:USW00014768,ROCHESTER GREATER ROCHESTER INTERNATIONAL AIRPORT NY US,20140315,0,180,0,67,-49,77,290,300,130,174,-9999,-9999,-9999,-9999,-9999,-9999,-9999,-9999,-9999
GHCND:USW00014768,ROCHESTER GREATER ROCHESTER INTERNATIONAL AIRPORT NY US,20140316,0,30,0,-49,-110,39,330,330,89,116,-9999,-9999,-9999,-9999,-9999,-9999,-9999,-9999,-9999
GHCND:USW00014768,ROCHESTER GREATER ROCHESTER INTERNATIONAL AIRPORT NY US,20140317,0,0,0,-27,-121,27,20,40,67,81,-9999,-9999,-9999,-9999,-9999,-9999,-9999,-9999,-9999
GHCND:USW00014768,ROCHESTER GREATER ROCHESTER INTERNATIONAL AIRPORT NY US,20140318,0,0,0,83,-82,26,90,110,63,67,-9999,-9999,-9999,-9999,-9999,-9999,-9999,-9999,-9999
GHCND:USW00014768,ROCHESTER GREATER ROCHESTER INTERNATIONAL AIRPORT NY US,20140319,79,0,0,106,0,57,190,190,103,143,-9999,-9999,1,-9999,-9999,-9999,-9999,-9999,-9999
GHCND:USW00014768,ROCHESTER GREATER ROCHESTER INTERNATIONAL AIRPORT NY US,20140320,8,0,10,61,0,78,260,240,134,179,-9999,-9999,-9999,-9999,-9999,-9999,-9999,-9999,-9999
GHCND:USW00014768,ROCHESTER GREATER ROCHESTER INTERNATIONAL AIRPORT NY US,20140321,0,0,3,39,-16,45,270,290,81,107,-9999,-9999,-9999,-9999,-9999,-9999,-9999,-9999,-9999
GHCND:USW00014768,ROCHESTER GREATER ROCHESTER INTERNATIONAL AIRPORT NY US,20140322,8,0,0,72,-5,70,270,270,134,183,-9999,-9999,-9999,-9999,-9999,-9999,-9999,-9999,-9999
GHCND:USW00014768,ROCHESTER GREATER ROCHESTER INTERNATIONAL AIRPORT NY US,20140323,0,0,3,-5,-71,54,290,280,94,116,-9999,-9999,-9999,-9999,-9999,-9999,-9999,1,-9999
GHCND:USW00014768,ROCHESTER GREATER ROCHESTER INTERNATIONAL AIRPORT NY US,20140324,3,0,15,-27,-88,41,260,260,81,112,-9999,-9999,-9999,-9999,-9999,-9999,-9999,-9999,-9999
GHCND:USW00014768,ROCHESTER GREATER ROCHESTER INTERNATIONAL AIRPORT NY US,20140325,0,0,3,33,-77,46,220,220,94,112,-9999,-9999,-9999,-9999,-9999,-9999,-9999,1,-9999
GHCND:USW00014768,ROCHESTER GREATER ROCHESTER INTERNATIONAL AIRPORT NY US,20140326,0,0,3,-38,-93,59,310,280,98,139,-9999,-9999,-9999,-9999,-9999,-9999,-9999,1,-9999
GHCND:USW00014768,ROCHESTER GREATER ROCHESTER INTERNATIONAL AIRPORT NY US,20140327,0,0,0,72,-99,35,210,210,76,107,-9999,-9999,-9999,-9999,-9999,-9999,-9999,1,-9999
GHCND:USW00014768,ROCHESTER GREATER ROCHESTER INTERNATIONAL AIRPORT NY US,20140328,33,0,0,139,33,61,270,270,161,210,-9999,-9999,-9999,-9999,-9999,-9999,-9999,-9999,-9999
GHCND:USW00014768,ROCHESTER GREATER ROCHESTER INTERNATIONAL AIRPORT NY US,20140329,140,0,122,39,-5,60,40,50,130,170,-9999,-9999,-9999,-9999,-9999,-9999,-9999,-9999,-9999
GHCND:USW00014768,ROCHESTER GREATER ROCHESTER INTERNATIONAL AIRPORT NY US,20140330,76,200,97,44,-21,55,40,30,125,161,-9999,-9999,1,-9999,-9999,-9999,-9999,-9999,-9999
GHCND:USW00014768,ROCHESTER GREATER ROCHESTER INTERNATIONAL AIRPORT NY US,20140331,0,150,0,89,-55,14,360,340,54,67,-9999,-9999,1,-9999,-9999,-9999,-9999,-9999,-9999
GHCND:USW00014768,ROCHESTER GREATER ROCHESTER INTERNATIONAL AIRPORT NY US,20140401,0,100,0,122,-32,33,260,260,103,143,-9999,-9999,-9999,-9999,-9999,-9999,-9999,-9999,-9999
GHCND:USW00014768,ROCHESTER GREATER ROCHESTER INTERNATIONAL AIRPORT NY US,20140402,0,50,0,100,11,47,280,290,103,125,-9999,-9999,-9999,-9999,-9999,-9999,-9999,-9999,-9999
GHCND:USW00014768,ROCHESTER GREATER ROCHESTER INTERNATIONAL AIRPORT NY US,20140403,0,0,0,50,-38,26,80,80,67,89,-9999,-9999,-9999,-9999,-9999,-9999,-9999,-9999,-9999
GHCND:USW00014768,ROCHESTER GREATER ROCHESTER INTERNATIONAL AIRPORT NY US,20140404,130,0,0,111,17,67,260,250,165,228,-9999,-9999,1,-9999,-9999,-9999,-9999,-9999,-9999
GHCND:USW00014768,ROCHESTER GREATER ROCHESTER INTERNATIONAL AIRPORT NY US,20140405,3,0,3,61,-16,76,280,280,134,179,-9999,-9999,1,-9999,-9999,-9999,-9999,-9999,-9999
GHCND:USW00014768,ROCHESTER GREATER ROCHESTER INTERNATIONAL AIRPORT NY US,20140406,0,0,0,117,-38,23,30,230,54,67,-9999,-9999,-9999,-9999,-9999,-9999,-9999,-9999,-9999
GHCND:USW00014768,ROCHESTER GREATER ROCHESTER INTERNATIONAL AIRPORT NY US,20140407,155,0,0,111,-10,40,120,120,103,139,-9999,-9999,-9999,-9999,-9999,-9999,-9999,-9999,-9999
GHCND:USW00014768,ROCHESTER GREATER ROCHESTER INTERNATIONAL AIRPORT NY US,20140408,46,0,0,106,28,47,280,280,125,161,-9999,-9999,1,-9999,-9999,-9999,-9999,-9999,-9999
GHCND:USW00014768,ROCHESTER GREATER ROCHESTER INTERNATIONAL AIRPORT NY US,20140409,0,0,0,94,-5,35,300,340,76,107,-9999,-9999,-9999,-9999,-9999,-9999,-9999,-9999,-9999
GHCND:USW00014768,ROCHESTER GREATER ROCHESTER INTERNATIONAL AIRPORT NY US,20140410,18,0,0,222,22,70,250,230,143,183,-9999,-9999,1,-9999,-9999,-9999,-9999,-9999,-9999
GHCND:USW00014768,ROCHESTER GREATER ROCHESTER INTERNATIONAL AIRPORT NY US,20140411,5,0,0,144,39,22,40,20,58,67,-9999,-9999,1,-9999,-9999,-9999,-9999,-9999,-9999
GHCND:USW00014768,ROCHESTER GREATER ROCHESTER INTERNATIONAL AIRPORT NY US,20140412,0,0,0,172,33,34,80,70,76,94,-9999,-9999,-9999,-9999,-9999,-9999,-9999,-9999,-9999
GHCND:USW00014768,ROCHESTER GREATER ROCHESTER INTERNATIONAL AIRPORT NY US,20140413,13,0,0,278,83,40,270,260,103,125,-9999,-9999,-9999,-9999,-9999,-9999,-9999,-9999,-9999
GHCND:USW00014768,ROCHESTER GREATER ROCHESTER INTERNATIONAL AIRPORT NY US,20140414,58,0,0,278,94,57,230,230,148,183,-9999,-9999,1,-9999,-9999,-9999,-9999,-9999,-9999
GHCND:USW00014768,ROCHESTER GREATER ROCHESTER INTERNATIONAL AIRPORT NY US,20140415,91,0,5,94,-38,61,290,290,116,143,-9999,-9999,-9999,-9999,-9999,-9999,-9999,-9999,-9999
GHCND:USW00014768,ROCHESTER GREATER ROCHESTER INTERNATIONAL AIRPORT NY US,20140416,0,0,0,33,-43,38,310,320,81,112,-9999,-9999,-9999,-9999,-9999,-9999,-9999,1,-9999
GHCND:USW00014768,ROCHESTER GREATER ROCHESTER INTERNATIONAL AIRPORT NY US,20140417,0,0,0,144,-27,47,160,160,81,112,-9999,-9999,-9999,-9999,-9999,-9999,-9999,-9999,-9999
GHCND:USW00014768,ROCHESTER GREATER ROCHESTER INTERNATIONAL AIRPORT NY US,20140418,0,0,0,178,56,37,10,360,81,98,-9999,-9999,-9999,-9999,-9999,-9999,-9999,-9999,-9999
GHCND:USW00014768,ROCHESTER GREATER ROCHESTER INTERNATIONAL AIRPORT NY US,20140419,0,0,0,100,11,33,30,10,72,98,-9999,-9999,-9999,-9999,-9999,-9999,-9999,-9999,-9999
GHCND:USW00014768,ROCHESTER GREATER ROCHESTER INTERNATIONAL AIRPORT NY US,20140420,0,0,0,206,-5,19,20,120,54,67,-9999,-9999,-9999,-9999,-9999,-9999,-9999,-9999,-9999
GHCND:USW00014768,ROCHESTER GREATER ROCHESTER INTERNATIONAL AIRPORT NY US,20140421,0,0,0,250,61,26,210,200,63,81,-9999,-9999,-9999,-9999,-9999,-9999,-9999,-9999,-9999
GHCND:USW00014768,ROCHESTER GREATER ROCHESTER INTERNATIONAL AIRPORT NY US,20140422,76,0,0,167,56,47,290,280,103,134,-9999,-9999,1,-9999,-9999,-9999,-9999,-9999,-9999
GHCND:USW00014768,ROCHESTER GREATER ROCHESTER INTERNATIONAL AIRPORT NY US,20140423,58,0,0,83,33,59,310,300,98,130,-9999,-9999,1,-9999,-9999,-9999,-9999,-9999,-9999
GHCND:USW00014768,ROCHESTER GREATER ROCHESTER INTERNATIONAL AIRPORT NY US,20140424,0,0,0,122,6,35,350,330,76,116,-9999,-9999,-9999,-9999,-9999,-9999,-9999,-9999,-9999
GHCND:USW00014768,ROCHESTER GREATER ROCHESTER INTERNATIONAL AIRPORT NY US,20140425,43,0,0,172,33,45,260,260,98,134,-9999,-9999,1,-9999,-9999,-9999,-9999,-9999,-9999
GHCND:USW00014768,ROCHESTER GREATER ROCHESTER INTERNATIONAL AIRPORT NY US,20140426,8,0,0,100,44,47,300,320,98,130,-9999,-9999,-9999,-9999,-9999,-9999,-9999,-9999,-9999
GHCND:USW00014768,ROCHESTER GREATER ROCHESTER INTERNATIONAL AIRPORT NY US,20140427,0,0,0,122,39,31,40,20,72,107,-9999,-9999,-9999,-9999,-9999,-9999,-9999,-9999,-9999
GHCND:USW00014768,ROCHESTER GREATER ROCHESTER INTERNATIONAL AIRPORT NY US,20140428,0,0,0,139,0,38,30,50,103,130,-9999,-9999,-9999,-9999,-9999,-9999,-9999,-9999,-9999
GHCND:USW00014768,ROCHESTER GREATER ROCHESTER INTERNATIONAL AIRPORT NY US,20140429,91,0,0,133,83,72,160,140,130,174,-9999,-9999,1,-9999,-9999,-9999,-9999,-9999,-9999
GHCND:USW00014768,ROCHESTER GREATER ROCHESTER INTERNATIONAL AIRPORT NY US,20140430,183,0,0,117,83,41,130,130,76,103,-9999,-9999,1,-9999,-9999,-9999,-9999,-9999,-9999
GHCND:USW00014768,ROCHESTER GREATER ROCHESTER INTERNATIONAL AIRPORT NY US,20140501,3,0,0,156,106,50,240,280,107,143,-9999,-9999,-9999,-9999,-9999,-9999,-9999,-9999,-9999
GHCND:USW00014768,ROCHESTER GREATER ROCHESTER INTERNATIONAL AIRPORT NY US,20140502,3,0,0,133,83,70,240,240,134,170,-9999,-9999,-9999,-9999,-9999,-9999,-9999,-9999,-9999
GHCND:USW00014768,ROCHESTER GREATER ROCHESTER INTERNATIONAL AIRPORT NY US,20140503,13,0,0,150,83,39,270,270,112,165,-9999,-9999,-9999,-9999,-9999,-9999,-9999,-9999,-9999
GHCND:USW00014768,ROCHESTER GREATER ROCHESTER INTERNATIONAL AIRPORT NY US,20140504,0,0,0,139,67,77,290,290,148,201,-9999,-9999,-9999,-9999,1,-9999,-9999,-9999,-9999
GHCND:USW00014768,ROCHESTER GREATER ROCHESTER INTERNATIONAL AIRPORT NY US,20140505,0,0,0,150,39,38,330,310,81,103,-9999,-9999,-9999,-9999,-9999,-9999,-9999,-9999,-9999
GHCND:USW00014768,ROCHESTER GREATER ROCHESTER INTERNATIONAL AIRPORT NY US,20140506,0,0,0,150,72,28,350,10,81,116,-9999,-9999,-9999,-9999,-9999,-9999,-9999,-9999,-9999
GHCND:USW00014768,ROCHESTER GREATER ROCHESTER INTERNATIONAL AIRPORT NY US,20140507,0,0,0,161,50,35,30,60,72,81,-9999,-9999,-9999,-9999,-9999,-9999,-9999,-9999,-9999
GHCND:USW00014768,ROCHESTER GREATER ROCHESTER INTERNATIONAL AIRPORT NY US,20140508,13,0,0,217,106,31,20,80,72,94,-9999,-9999,-9999,-9999,-9999,-9999,-9999,-9999,1
GHCND:USW00014768,ROCHESTER GREATER ROCHESTER INTERNATIONAL AIRPORT NY US,20140509,33,0,0,306,117,31,280,280,148,215,-9999,-9999,-9999,-9999,-9999,-9999,-9999,-9999,1
GHCND:USW00014768,ROCHESTER GREATER ROCHESTER INTERNATIONAL AIRPORT NY US,20140510,3,0,0,217,111,66,260,260,143,183,-9999,-9999,-9999,-9999,-9999,-9999,-9999,-9999,-9999
GHCND:USW00014768,ROCHESTER GREATER ROCHESTER INTERNATIONAL AIRPORT NY US,20140511,0,0,0,233,72,32,290,260,76,94,-9999,-9999,-9999,-9999,-9999,-9999,-9999,-9999,-9999
GHCND:USW00014768,ROCHESTER GREATER ROCHESTER INTERNATIONAL AIRPORT NY US,20140512,0,0,0,272,122,19,40,30,58,72,-9999,-9999,-9999,-9999,-9999,-9999,-9999,-9999,-9999
GHCND:USW00014768,ROCHESTER GREATER ROCHESTER INTERNATIONAL AIRPORT NY US,20140513,43,0,0,306,144,23,350,350,67,76,-9999,-9999,-9999,-9999,-9999,-9999,-9999,-9999,-9999
GHCND:USW00014768,ROCHESTER GREATER ROCHESTER INTERNATIONAL AIRPORT NY US,20140514,56,0,0,272,161,36,50,40,81,98,-9999,-9999,-9999,-9999,-9999,-9999,-9999,-9999,-9999
GHCND:USW00014768,ROCHESTER GREATER ROCHESTER INTERNATIONAL AIRPORT NY US,20140515,114,0,0,272,122,57,160,160,112,161,-9999,-9999,1,-9999,-9999,-9999,-9999,-9999,-9999
GHCND:USW00014768,ROCHESTER GREATER ROCHESTER INTERNATIONAL AIRPORT NY US,20140516,391,0,0,122,78,37,290,270,76,94,-9999,-9999,1,-9999,-9999,-9999,-9999,-9999,-9999
GHCND:USW00014768,ROCHESTER GREATER ROCHESTER INTERNATIONAL AIRPORT NY US,20140517,8,0,0,139,56,29,250,270,67,89,-9999,-9999,-9999,-9999,-9999,-9999,-9999,-9999,-9999
GHCND:USW00014768,ROCHESTER GREATER ROCHESTER INTERNATIONAL AIRPORT NY US,20140518,15,0,0,161,61,26,270,270,76,98,-9999,-9999,1,-9999,-9999,-9999,-9999,-9999,-9999
GHCND:USW00014768,ROCHESTER GREATER ROCHESTER INTERNATIONAL AIRPORT NY US,20140519,5,0,0,211,61,36,260,280,81,116,-9999,-9999,-9999,-9999,-9999,-9999,-9999,-9999,-9999
GHCND:USW00014768,ROCHESTER GREATER ROCHESTER INTERNATIONAL AIRPORT NY US,20140520,0,0,0,228,78,15,30,40,58,67,-9999,-9999,-9999,-9999,-9999,-9999,-9999,-9999,-9999
GHCND:USW00014768,ROCHESTER GREATER ROCHESTER INTERNATIONAL AIRPORT NY US,20140521,0,0,0,228,139,21,230,230,63,76,-9999,-9999,1,-9999,-9999,-9999,-9999,-9999,-9999
GHCND:USW00014768,ROCHESTER GREATER ROCHESTER INTERNATIONAL AIRPORT NY US,20140522,69,0,0,233,128,35,270,270,98,130,-9999,-9999,-9999,-9999,-9999,-9999,-9999,-9999,-9999
GHCND:USW00014768,ROCHESTER GREATER ROCHESTER INTERNATIONAL AIRPORT NY US,20140523,38,0,0,144,111,43,260,250,72,94,-9999,-9999,1,-9999,-9999,-9999,-9999,-9999,-9999
GHCND:USW00014768,ROCHESTER GREATER ROCHESTER INTERNATIONAL AIRPORT NY US,20140524,0,0,0,239,100,34,340,350,72,107,-9999,-9999,-9999,-9999,-9999,-9999,-9999,-9999,-9999
GHCND:USW00014768,ROCHESTER GREATER ROCHESTER INTERNATIONAL AIRPORT NY US,20140525,0,0,0,256,94,37,250,240,72,107,-9999,-9999,-9999,-9999,-9999,-9999,-9999,-9999,-9999
GHCND:USW00014768,ROCHESTER GREATER ROCHESTER INTERNATIONAL AIRPORT NY US,20140526,0,0,0,278,144,54,260,250,112,148,-9999,-9999,-9999,-9999,-9999,-9999,-9999,-9999,-9999
GHCND:USW00014768,ROCHESTER GREATER ROCHESTER INTERNATIONAL AIRPORT NY US,20140527,0,0,0,283,172,41,270,250,89,112,-9999,-9999,-9999,-9999,-9999,-9999,-9999,-9999,-9999
GHCND:USW00014768,ROCHESTER GREATER ROCHESTER INTERNATIONAL AIRPORT NY US,20140528,0,0,0,200,122,51,50,70,76,98,-9999,-9999,-9999,-9999,-9999,-9999,-9999,-9999,-9999
GHCND:USW00014768,ROCHESTER GREATER ROCHESTER INTERNATIONAL AIRPORT NY US,20140529,0,0,0,189,106,23,30,130,58,72,-9999,-9999,-9999,-9999,-9999,-9999,-9999,-9999,-9999
GHCND:USW00014768,ROCHESTER GREATER ROCHESTER INTERNATIONAL AIRPORT NY US,20140530,0,0,0,233,83,22,20,20,67,81,-9999,-9999,-9999,-9999,-9999,-9999,-9999,-9999,-9999
GHCND:USW00014768,ROCHESTER GREATER ROCHESTER INTERNATIONAL AIRPORT NY US,20140531,0,0,0,217,94,21,40,60,81,112,-9999,-9999,-9999,-9999,-9999,-9999,-9999,-9999,-9999
GHCND:USW00014768,ROCHESTER GREATER ROCHESTER INTERNATIONAL AIRPORT NY US,20140601,0,0,0,278,89,22,220,220,63,76,-9999,-9999,-9999,-9999,-9999,-9999,-9999,-9999,-9999
GHCND:USW00014768,ROCHESTER GREATER ROCHESTER INTERNATIONAL AIRPORT NY US,20140602,0,0,0,306,172,40,210,220,72,94,-9999,-9999,-9999,-9999,-9999,-9999,-9999,-9999,-9999
GHCND:USW00014768,ROCHESTER GREATER ROCHESTER INTERNATIONAL AIRPORT NY US,20140603,97,0,0,283,139,49,230,230,116,143,-9999,-9999,1,-9999,-9999,-9999,-9999,-9999,-9999
GHCND:USW00014768,ROCHESTER GREATER ROCHESTER INTERNATIONAL AIRPORT NY US,20140604,0,0,0,228,117,34,250,280,76,103,-9999,-9999,-9999,-9999,-9999,-9999,-9999,-9999,-9999
GHCND:USW00014768,ROCHESTER GREATER ROCHESTER INTERNATIONAL AIRPORT NY US,20140605,0,0,0,183,94,35,330,330,81,98,-9999,-9999,-9999,-9999,-9999,-9999,-9999,-9999,-9999
GHCND:USW00014768,ROCHESTER GREATER ROCHESTER INTERNATIONAL AIRPORT NY US,20140606,0,0,0,233,106,32,340,340,81,98,-9999,-9999,-9999,-9999,-9999,-9999,-9999,-9999,-9999
GHCND:USW00014768,ROCHESTER GREATER ROCHESTER INTERNATIONAL AIRPORT NY US,20140607,0,0,0,261,94,22,10,50,58,89,-9999,-9999,-9999,-9999,-9999,-9999,-9999,-9999,-9999
GHCND:USW00014768,ROCHESTER GREATER ROCHESTER INTERNATIONAL AIRPORT NY US,20140608,36,0,0,272,117,26,350,310,89,112,-9999,-9999,1,-9999,-9999,-9999,-9999,-9999,-9999
GHCND:USW00014768,ROCHESTER GREATER ROCHESTER INTERNATIONAL AIRPORT NY US,20140609,0,0,0,244,150,30,20,50,81,98,-9999,-9999,-9999,-9999,-9999,-9999,-9999,-9999,-9999
GHCND:USW00014768,ROCHESTER GREATER ROCHESTER INTERNATIONAL AIRPORT NY US,20140610,0,0,0,244,156,26,40,50,67,81,-9999,-9999,-9999,-9999,-9999,-9999,-9999,-9999,-9999
GHCND:USW00014768,ROCHESTER GREATER ROCHESTER INTERNATIONAL AIRPORT NY US,20140611,0,0,0,289,189,38,170,180,81,103,-9999,-9999,-9999,-9999,-9999,-9999,-9999,-9999,1
GHCND:USW00014768,ROCHESTER GREATER ROCHESTER INTERNATIONAL AIRPORT NY US,20140612,13,0,0,261,194,43,200,210,98,130,-9999,-9999,-9999,-9999,-9999,-9999,-9999,-9999,-9999
GHCND:USW00014768,ROCHESTER GREATER ROCHESTER INTERNATIONAL AIRPORT NY US,20140613,8,0,0,278,139,37,280,270,103,125,-9999,-9999,-9999,-9999,-9999,-9999,-9999,-9999,-9999
GHCND:USW00014768,ROCHESTER GREATER ROCHESTER INTERNATIONAL AIRPORT NY US,20140614,0,0,0,200,122,42,300,290,89,112,-9999,-9999,-9999,-9999,-9999,-9999,-9999,-9999,-9999
GHCND:USW00014768,ROCHESTER GREATER ROCHESTER INTERNATIONAL AIRPORT NY US,20140615,0,0,0,217,100,22,40,40,58,76,-9999,-9999,-9999,-9999,-9999,-9999,-9999,-9999,-9999
GHCND:USW00014768,ROCHESTER GREATER ROCHESTER INTERNATIONAL AIRPORT NY US,20140616,0,0,0,306,117,22,280,280,76,103,-9999,-9999,-9999,-9999,-9999,-9999,-9999,-9999,-9999
GHCND:USW00014768,ROCHESTER GREATER ROCHESTER INTERNATIONAL AIRPORT NY US,20140617,99,0,0,322,172,37,220,220,157,206,-9999,-9999,-9999,-9999,-9999,-9999,-9999,-9999,-9999
GHCND:USW00014768,ROCHESTER GREATER ROCHESTER INTERNATIONAL AIRPORT NY US,20140618,0,0,0,250,194,34,280,300,72,103,-9999,-9999,-9999,-9999,-9999,-9999,-9999,-9999,-9999
GHCND:USW00014768,ROCHESTER GREATER ROCHESTER INTERNATIONAL AIRPORT NY US,20140619,0,0,0,239,117,30,40,30,72,89,-9999,-9999,-9999,-9999,-9999,-9999,-9999,-9999,-9999
GHCND:USW00014768,ROCHESTER GREATER ROCHESTER INTERNATIONAL AIRPORT NY US,20140620,0,0,0,217,89,18,10,40,58,89,-9999,-9999,-9999,-9999,-9999,-9999,-9999,-9999,-9999
GHCND:USW00014768,ROCHESTER GREATER ROCHESTER INTERNATIONAL AIRPORT NY US,20140621,0,0,0,239,100,16,30,50,67,81,-9999,-9999,-9999,-9999,-9999,-9999,-9999,-9999,-9999
GHCND:USW00014768,ROCHESTER GREATER ROCHESTER INTERNATIONAL AIRPORT NY US,20140622,0,0,0,261,111,19,40,140,67,89,-9999,-9999,-9999,-9999,-9999,-9999,-9999,-9999,-9999
GHCND:USW00014768,ROCHESTER GREATER ROCHESTER INTERNATIONAL AIRPORT NY US,20140623,0,0,0,300,122,26,200,200,63,98,-9999,-9999,-9999,-9999,-9999,-9999,-9999,-9999,-9999
GHCND:USW00014768,ROCHESTER GREATER ROCHESTER INTERNATIONAL AIRPORT NY US,20140624,178,0,0,311,211,43,240,230,157,201,-9999,-9999,-9999,-9999,-9999,-9999,-9999,-9999,-9999
GHCND:USW00014768,ROCHESTER GREATER ROCHESTER INTERNATIONAL AIRPORT NY US,20140625,56,0,0,233,194,26,40,40,63,72,-9999,-9999,1,-9999,-9999,-9999,-9999,-9999,-9999
GHCND:USW00014768,ROCHESTER GREATER ROCHESTER INTERNATIONAL AIRPORT NY US,20140626,0,0,0,261,172,22,30,10,58,81,-9999,-9999,-9999,-9999,-9999,-9999,-9999,1,-9999
GHCND:USW00014768,ROCHESTER GREATER ROCHESTER INTERNATIONAL AIRPORT NY US,20140627,0,0,0,289,156,17,10,10,67,76,-9999,-9999,1,-9999,-9999,-9999,-9999,-9999,-9999
GHCND:USW00014768,ROCHESTER GREATER ROCHESTER INTERNATIONAL AIRPORT NY US,20140628,0,0,0,311,161,22,140,200,63,89,-9999,-9999,-9999,-9999,-9999,-9999,-9999,1,-9999
GHCND:USW00014768,ROCHESTER GREATER ROCHESTER INTERNATIONAL AIRPORT NY US,20140629,38,0,0,306,222,35,240,240,72,94,-9999,-9999,-9999,-9999,-9999,-9999,-9999,-9999,-9999
GHCND:USW00014768,ROCHESTER GREATER ROCHESTER INTERNATIONAL AIRPORT NY US,20140630,0,0,0,322,222,33,230,230,67,76,-9999,-9999,-9999,-9999,-9999,-9999,-9999,-9999,-9999
GHCND:USW00014768,ROCHESTER GREATER ROCHESTER INTERNATIONAL AIRPORT NY US,20140701,3,0,0,317,233,55,250,240,134,170,-9999,-9999,-9999,-9999,-9999,-9999,-9999,-9999,-9999
GHCND:USW00014768,ROCHESTER GREATER ROCHESTER INTERNATIONAL AIRPORT NY US,20140702,5,0,0,311,206,34,280,280,94,125,-9999,-9999,-9999,-9999,-9999,-9999,-9999,-9999,1
GHCND:USW00014768,ROCHESTER GREATER ROCHESTER INTERNATIONAL AIRPORT NY US,20140703,109,0,0,239,167,16,300,300,76,103,-9999,-9999,1,-9999,-9999,-9999,-9999,-9999,-9999
GHCND:USW00014768,ROCHESTER GREATER ROCHESTER INTERNATIONAL AIRPORT NY US,20140704,0,0,0,228,144,47,340,310,89,112,-9999,-9999,-9999,-9999,-9999,-9999,-9999,-9999,-9999
GHCND:USW00014768,ROCHESTER GREATER ROCHESTER INTERNATIONAL AIRPORT NY US,20140705,0,0,0,267,111,42,270,270,89,125,-9999,-9999,-9999,-9999,-9999,-9999,-9999,-9999,-9999
GHCND:USW00014768,ROCHESTER GREATER ROCHESTER INTERNATIONAL AIRPORT NY US,20140706,0,0,0,283,128,45,250,280,89,107,-9999,-9999,-9999,-9999,-9999,-9999,-9999,-9999,-9999
GHCND:USW00014768,ROCHESTER GREATER ROCHESTER INTERNATIONAL AIRPORT NY US,20140707,119,0,0,267,183,59,230,240,116,161,-9999,-9999,-9999,-9999,-9999,-9999,-9999,-9999,-9999
GHCND:USW00014768,ROCHESTER GREATER ROCHESTER INTERNATIONAL AIRPORT NY US,20140708,262,0,0,278,194,54,250,240,134,192,-9999,-9999,-9999,-9999,-9999,-9999,-9999,-9999,-9999
GHCND:USW00014768,ROCHESTER GREATER ROCHESTER INTERNATIONAL AIRPORT NY US,20140709,0,0,0,228,156,28,280,290,94,130,-9999,-9999,-9999,-9999,-9999,-9999,-9999,-9999,-9999
GHCND:USW00014768,ROCHESTER GREATER ROCHESTER INTERNATIONAL AIRPORT NY US,20140710,0,0,0,233,117,16,20,30,67,98,-9999,-9999,-9999,-9999,-9999,-9999,-9999,-9999,-9999
GHCND:USW00014768,ROCHESTER GREATER ROCHESTER INTERNATIONAL AIRPORT NY US,20140711,0,0,0,261,117,18,360,20,63,81,-9999,-9999,1,-9999,-9999,-9999,-9999,-9999,-9999
GHCND:USW00014768,ROCHESTER GREATER ROCHESTER INTERNATIONAL AIRPORT NY US,20140712,0,0,0,294,156,21,20,10,54,67,-9999,-9999,-9999,-9999,-9999,-9999,-9999,-9999,-9999
GHCND:USW00014768,ROCHESTER GREATER ROCHESTER INTERNATIONAL AIRPORT NY US,20140713,104,0,0,261,200,39,210,210,94,125,-9999,-9999,-9999,-9999,-9999,-9999,-9999,-9999,-9999
GHCND:USW00014768,ROCHESTER GREATER ROCHESTER INTERNATIONAL AIRPORT NY US,20140714,0,0,0,256,183,19,40,40,63,72,-9999,-9999,-9999,-9999,-9999,-9999,-9999,-9999,-9999
GHCND:USW00014768,ROCHESTER GREATER ROCHESTER INTERNATIONAL AIRPORT NY US,20140715,221,0,0,261,156,34,260,270,103,139,-9999,-9999,-9999,-9999,-9999,-9999,-9999,-9999,-9999
GHCND:USW00014768,ROCHESTER GREATER ROCHESTER INTERNATIONAL AIRPORT NY US,20140716,0,0,0,233,144,41,250,250,81,116,-9999,-9999,-9999,-9999,-9999,-9999,-9999,-9999,-9999
GHCND:USW00014768,ROCHESTER GREATER ROCHESTER INTERNATIONAL AIRPORT NY US,20140717,0,0,0,239,122,27,280,300,63,76,-9999,-9999,1,-9999,-9999,-9999,-9999,-9999,-9999
GHCND:USW00014768,ROCHESTER GREATER ROCHESTER INTERNATIONAL AIRPORT NY US,20140718,0,0,0,250,117,20,20,30,54,67,-9999,-9999,-9999,-9999,-9999,-9999,-9999,-9999,-9999
GHCND:USW00014768,ROCHESTER GREATER ROCHESTER INTERNATIONAL AIRPORT NY US,20140719,38,0,0,244,144,13,220,220,54,67,-9999,-9999,1,-9999,-9999,-9999,-9999,-9999,-9999
GHCND:USW00014768,ROCHESTER GREATER ROCHESTER INTERNATIONAL AIRPORT NY US,20140720,71,0,0,261,178,19,190,190,63,76,-9999,-9999,1,-9999,-9999,-9999,-9999,-9999,-9999
GHCND:USW00014768,ROCHESTER GREATER ROCHESTER INTERNATIONAL AIRPORT NY US,20140721,0,0,0,289,183,18,40,40,67,76,-9999,-9999,1,-9999,-9999,-9999,-9999,-9999,-9999
GHCND:USW00014768,ROCHESTER GREATER ROCHESTER INTERNATIONAL AIRPORT NY US,20140722,0,0,0,311,172,13,230,220,54,67,-9999,-9999,-9999,-9999,-9999,-9999,-9999,-9999,-9999
GHCND:USW00014768,ROCHESTER GREATER ROCHESTER INTERNATIONAL AIRPORT NY US,20140723,0,0,0,278,189,39,310,320,89,112,-9999,-9999,1,-9999,-9999,-9999,-9999,-9999,-9999
GHCND:USW00014768,ROCHESTER GREATER ROCHESTER INTERNATIONAL AIRPORT NY US,20140724,0,0,0,222,133,37,30,40,72,107,-9999,-9999,-9999,-9999,-9999,-9999,-9999,-9999,-9999
GHCND:USW00014768,ROCHESTER GREATER ROCHESTER INTERNATIONAL AIRPORT NY US,20140725,0,0,0,256,111,27,250,280,58,81,-9999,-9999,-9999,-9999,-9999,-9999,-9999,-9999,-9999
GHCND:USW00014768,ROCHESTER GREATER ROCHESTER INTERNATIONAL AIRPORT NY US,20140726,0,0,0,278,139,26,230,230,67,81,-9999,-9999,-9999,-9999,-9999,-9999,-9999,-9999,-9999
GHCND:USW00014768,ROCHESTER GREATER ROCHESTER INTERNATIONAL AIRPORT NY US,20140727,361,0,0,283,189,42,30,30,81,98,-9999,-9999,-9999,-9999,-9999,-9999,-9999,-9999,-9999
GHCND:USW00014768,ROCHESTER GREATER ROCHESTER INTERNATIONAL AIRPORT NY US,20140728,615,0,0,194,139,50,20,40,116,157,-9999,-9999,-9999,-9999,-9999,-9999,-9999,-9999,-9999
GHCND:USW00014768,ROCHESTER GREATER ROCHESTER INTERNATIONAL AIRPORT NY US,20140729,0,0,0,211,128,24,320,300,45,72,-9999,-9999,-9999,-9999,-9999,-9999,-9999,-9999,-9999
GHCND:USW00014768,ROCHESTER GREATER ROCHESTER INTERNATIONAL AIRPORT NY US,20140730,3,0,0,233,139,28,330,330,72,89,-9999,-9999,-9999,-9999,-9999,-9999,-9999,-9999,1
GHCND:USW00014768,ROCHESTER GREATER ROCHESTER INTERNATIONAL AIRPORT NY US,20140731,46,0,0,244,150,34,360,360,81,98,-9999,-9999,-9999,-9999,-9999,-9999,-9999,-9999,-9999
GHCND:USW00014768,ROCHESTER GREATER ROCHESTER INTERNATIONAL AIRPORT NY US,20140801,66,0,0,283,156,26,250,260,161,228,-9999,-9999,-9999,-9999,-9999,-9999,-9999,-9999,-9999
GHCND:USW00014768,ROCHESTER GREATER ROCHESTER INTERNATIONAL AIRPORT NY US,20140802,20,0,0,283,172,18,130,140,81,107,-9999,-9999,-9999,-9999,-9999,-9999,-9999,-9999,-9999
GHCND:USW00014768,ROCHESTER GREATER ROCHESTER INTERNATIONAL AIRPORT NY US,20140803,69,0,0,233,183,15,360,360,45,63,-9999,-9999,1,-9999,-9999,-9999,-9999,-9999,-9999
GHCND:USW00014768,ROCHESTER GREATER ROCHESTER INTERNATIONAL AIRPORT NY US,20140804,64,0,0,278,172,18,330,330,67,89,-9999,-9999,-9999,-9999,-9999,-9999,-9999,-9999,-9999
GHCND:USW00014768,ROCHESTER GREATER ROCHESTER INTERNATIONAL AIRPORT NY US,20140805,0,0,0,244,161,18,290,320,58,72,-9999,-9999,1,-9999,-9999,-9999,-9999,-9999,-9999
GHCND:USW00014768,ROCHESTER GREATER ROCHESTER INTERNATIONAL AIRPORT NY US,20140806,0,0,0,239,150,21,10,340,63,94,-9999,-9999,1,-9999,-9999,-9999,-9999,-9999,-9999
GHCND:USW00014768,ROCHESTER GREATER ROCHESTER INTERNATIONAL AIRPORT NY US,20140807,0,0,-9999,244,139,27,340,350,67,89,-9999,-9999,-9999,-9999,-9999,-9999,-9999,-9999,-9999
GHCND:USW00014768,ROCHESTER GREATER ROCHESTER INTERNATIONAL AIRPORT NY US,20140808,0,0,0,250,122,19,30,10,54,67,-9999,-9999,-9999,-9999,-9999,-9999,-9999,-9999,-9999
GHCND:USW00014768,ROCHESTER GREATER ROCHESTER INTERNATIONAL AIRPORT NY US,20140809,0,0,0,267,122,17,40,40,54,67,-9999,-9999,-9999,-9999,-9999,-9999,-9999,-9999,-9999
GHCND:USW00014768,ROCHESTER GREATER ROCHESTER INTERNATIONAL AIRPORT NY US,20140810,0,0,0,278,133,17,20,10,72,89,-9999,-9999,-9999,-9999,-9999,-9999,-9999,-9999,-9999
GHCND:USW00014768,ROCHESTER GREATER ROCHESTER INTERNATIONAL AIRPORT NY US,20140811,0,0,0,283,156,37,170,170,89,112,-9999,-9999,-9999,-9999,-9999,-9999,-9999,-9999,-9999
GHCND:USW00014768,ROCHESTER GREATER ROCHESTER INTERNATIONAL AIRPORT NY US,20140812,251,0,0,250,189,47,170,180,94,116,-9999,-9999,-9999,-9999,-9999,-9999,-9999,-9999,-9999
GHCND:USW00014768,ROCHESTER GREATER ROCHESTER INTERNATIONAL AIRPORT NY US,20140813,38,0,0,233,122,47,250,300,98,139,-9999,-9999,-9999,-9999,-9999,-9999,-9999,-9999,-9999
GHCND:USW00014768,ROCHESTER GREATER ROCHESTER INTERNATIONAL AIRPORT NY US,20140814,0,0,0,194,117,47,260,280,89,148,-9999,-9999,-9999,-9999,-9999,-9999,-9999,-9999,-9999
GHCND:USW00014768,ROCHESTER GREATER ROCHESTER INTERNATIONAL AIRPORT NY US,20140815,3,0,0,222,122,49,270,290,94,116,-9999,-9999,-9999,-9999,-9999,-9999,-9999,-9999,-9999
GHCND:USW00014768,ROCHESTER GREATER ROCHESTER INTERNATIONAL AIRPORT NY US,20140816,28,0,0,211,111,42,250,250,94,116,-9999,-9999,-9999,-9999,-9999,-9999,-9999,-9999,-9999
GHCND:USW00014768,ROCHESTER GREATER ROCHESTER INTERNATIONAL AIRPORT NY US,20140817,0,0,0,217,156,29,350,320,72,98,-9999,-9999,-9999,-9999,-9999,-9999,-9999,1,-9999
GHCND:USW00014768,ROCHESTER GREATER ROCHESTER INTERNATIONAL AIRPORT NY US,20140818,0,0,0,222,122,20,30,10,54,67,-9999,-9999,-9999,-9999,-9999,-9999,-9999,-9999,-9999
GHCND:USW00014768,ROCHESTER GREATER ROCHESTER INTERNATIONAL AIRPORT NY US,20140819,0,0,0,261,100,20,20,20,63,72,-9999,-9999,-9999,-9999,-9999,-9999,-9999,-9999,-9999
GHCND:USW00014768,ROCHESTER GREATER ROCHESTER INTERNATIONAL AIRPORT NY US,20140820,0,0,0,261,161,13,140,120,58,72,-9999,-9999,1,-9999,-9999,-9999,-9999,-9999,-9999
GHCND:USW00014768,ROCHESTER GREATER ROCHESTER INTERNATIONAL AIRPORT NY US,20140821,0,0,0,272,183,22,30,350,67,107,-9999,-9999,-9999,-9999,-9999,-9999,-9999,-9999,-9999
GHCND:USW00014768,ROCHESTER GREATER ROCHESTER INTERNATIONAL AIRPORT NY US,20140822,0,0,0,272,178,25,50,60,67,81,-9999,-9999,1,-9999,-9999,-9999,-9999,-9999,-9999
GHCND:USW00014768,ROCHESTER GREATER ROCHESTER INTERNATIONAL AIRPORT NY US,20140823,0,0,0,256,178,31,100,100,67,81,-9999,-9999,1,-9999,-9999,-9999,-9999,-9999,-9999
GHCND:USW00014768,ROCHESTER GREATER ROCHESTER INTERNATIONAL AIRPORT NY US,20140824,0,0,0,267,156,22,20,40,58,81,-9999,-9999,-9999,-9999,-9999,-9999,-9999,-9999,-9999
GHCND:USW00014768,ROCHESTER GREATER ROCHESTER INTERNATIONAL AIRPORT NY US,20140825,0,0,0,283,150,17,160,160,54,63,-9999,-9999,-9999,-9999,-9999,-9999,-9999,1,-9999
GHCND:USW00014768,ROCHESTER GREATER ROCHESTER INTERNATIONAL AIRPORT NY US,20140826,0,0,0,306,167,31,250,170,67,81,-9999,-9999,-9999,-9999,-9999,-9999,-9999,-9999,-9999
GHCND:USW00014768,ROCHESTER GREATER ROCHESTER INTERNATIONAL AIRPORT NY US,20140827,5,0,0,256,150,30,350,290,72,103,-9999,-9999,1,-9999,-9999,-9999,-9999,-9999,-9999
GHCND:USW00014768,ROCHESTER GREATER ROCHESTER INTERNATIONAL AIRPORT NY US,20140828,0,0,0,211,117,36,340,320,94,134,-9999,-9999,-9999,-9999,-9999,-9999,-9999,-9999,-9999
GHCND:USW00014768,ROCHESTER GREATER ROCHESTER INTERNATIONAL AIRPORT NY US,20140829,0,0,0,250,100,18,50,50,45,58,-9999,-9999,-9999,-9999,-9999,-9999,-9999,-9999,-9999
GHCND:USW00014768,ROCHESTER GREATER ROCHESTER INTERNATIONAL AIRPORT NY US,20140830,0,0,0,306,139,34,200,210,72,103,-9999,-9999,-9999,-9999,-9999,-9999,-9999,-9999,-9999
GHCND:USW00014768,ROCHESTER GREATER ROCHESTER INTERNATIONAL AIRPORT NY US,20140831,33,0,0,256,200,46,230,230,98,112,-9999,-9999,-9999,-9999,-9999,-9999,-9999,-9999,-9999
GHCND:USW00014768,ROCHESTER GREATER ROCHESTER INTERNATIONAL AIRPORT NY US,20140901,18,0,0,300,194,23,210,210,58,89,-9999,-9999,1,-9999,-9999,-9999,-9999,-9999,1
GHCND:USW00014768,ROCHESTER GREATER ROCHESTER INTERNATIONAL AIRPORT NY US,20140902,18,0,0,283,183,34,280,270,76,107,-9999,-9999,1,-9999,-9999,-9999,-9999,-9999,-9999
GHCND:USW00014768,ROCHESTER GREATER ROCHESTER INTERNATIONAL AIRPORT NY US,20140903,0,0,0,272,161,20,250,250,63,94,-9999,-9999,1,-9999,-9999,-9999,-9999,-9999,-9999
GHCND:USW00014768,ROCHESTER GREATER ROCHESTER INTERNATIONAL AIRPORT NY US,20140904,0,0,0,306,161,27,280,310,63,76,-9999,-9999,-9999,-9999,-9999,-9999,-9999,-9999,-9999
GHCND:USW00014768,ROCHESTER GREATER ROCHESTER INTERNATIONAL AIRPORT NY US,20140905,0,0,0,333,194,43,340,350,116,157,-9999,-9999,-9999,-9999,-9999,-9999,-9999,-9999,1
GHCND:USW00014768,ROCHESTER GREATER ROCHESTER INTERNATIONAL AIRPORT NY US,20140906,28,0,0,228,117,34,310,280,89,134,-9999,-9999,1,-9999,-9999,-9999,-9999,-9999,1
GHCND:USW00014768,ROCHESTER GREATER ROCHESTER INTERNATIONAL AIRPORT NY US,20140907,0,0,0,222,94,21,330,310,58,72,-9999,-9999,-9999,-9999,-9999,-9999,-9999,-9999,-9999
GHCND:USW00014768,ROCHESTER GREATER ROCHESTER INTERNATIONAL AIRPORT NY US,20140908,0,0,0,261,83,24,150,150,67,89,-9999,-9999,-9999,-9999,-9999,-9999,-9999,-9999,-9999
GHCND:USW00014768,ROCHESTER GREATER ROCHESTER INTERNATIONAL AIRPORT NY US,20140909,0,0,0,250,144,29,170,140,67,94,-9999,-9999,-9999,-9999,-9999,-9999,-9999,-9999,-9999
GHCND:USW00014768,ROCHESTER GREATER ROCHESTER INTERNATIONAL AIRPORT NY US,20140910,15,0,0,261,167,39,190,210,89,130,-9999,-9999,-9999,-9999,-9999,-9999,-9999,-9999,-9999
GHCND:USW00014768,ROCHESTER GREATER ROCHESTER INTERNATIONAL AIRPORT NY US,20140911,84,0,0,239,128,60,210,200,107,161,-9999,-9999,1,-9999,-9999,-9999,-9999,-9999,-9999
GHCND:USW00014768,ROCHESTER GREATER ROCHESTER INTERNATIONAL AIRPORT NY US,20140912,8,0,0,156,83,26,360,210,67,94,-9999,-9999,1,-9999,-9999,-9999,-9999,-9999,-9999
GHCND:USW00014768,ROCHESTER GREATER ROCHESTER INTERNATIONAL AIRPORT NY US,20140913,13,0,0,178,72,28,320,310,130,174,-9999,-9999,-9999,-9999,-9999,-9999,-9999,-9999,-9999
GHCND:USW00014768,ROCHESTER GREATER ROCHESTER INTERNATIONAL AIRPORT NY US,20140914,0,0,0,156,44,12,30,40,40,63,-9999,-9999,-9999,-9999,-9999,-9999,-9999,-9999,-9999
GHCND:USW00014768,ROCHESTER GREATER ROCHESTER INTERNATIONAL AIRPORT NY US,20140915,25,0,0,206,94,21,230,230,58,72,-9999,-9999,1,-9999,-9999,-9999,-9999,-9999,-9999
GHCND:USW00014768,ROCHESTER GREATER ROCHESTER INTERNATIONAL AIRPORT NY US,20140916,41,0,0,194,83,28,320,330,67,89,-9999,-9999,1,-9999,-9999,-9999,-9999,-9999,-9999
GHCND:USW00014768,ROCHESTER GREATER ROCHESTER INTERNATIONAL AIRPORT NY US,20140917,0,0,0,206,72,27,280,230,72,89,-9999,-9999,-9999,-9999,-9999,-9999,-9999,-9999,-9999
GHCND:USW00014768,ROCHESTER GREATER ROCHESTER INTERNATIONAL AIRPORT NY US,20140918,0,0,0,167,50,29,40,40,94,107,-9999,-9999,1,-9999,-9999,-9999,-9999,-9999,-9999
GHCND:USW00014768,ROCHESTER GREATER ROCHESTER INTERNATIONAL AIRPORT NY US,20140919,0,0,0,167,44,33,120,100,63,89,-9999,-9999,-9999,-9999,-9999,-9999,-9999,-9999,-9999
GHCND:USW00014768,ROCHESTER GREATER ROCHESTER INTERNATIONAL AIRPORT NY US,20140920,0,0,0,261,133,50,210,200,98,130,-9999,-9999,-9999,-9999,-9999,-9999,-9999,-9999,-9999
GHCND:USW00014768,ROCHESTER GREATER ROCHESTER INTERNATIONAL AIRPORT NY US,20140921,71,0,0,261,139,60,260,250,116,152,-9999,-9999,1,-9999,-9999,-9999,-9999,-9999,-9999
GHCND:USW00014768,ROCHESTER GREATER ROCHESTER INTERNATIONAL AIRPORT NY US,20140922,18,0,0,139,67,51,300,310,107,152,-9999,-9999,1,-9999,-9999,-9999,-9999,-9999,-9999
GHCND:USW00014768,ROCHESTER GREATER ROCHESTER INTERNATIONAL AIRPORT NY US,20140923,0,0,0,222,56,31,250,250,72,94,-9999,-9999,-9999,-9999,-9999,-9999,-9999,-9999,-9999
GHCND:USW00014768,ROCHESTER GREATER ROCHESTER INTERNATIONAL AIRPORT NY US,20140924,0,0,0,250,83,20,120,100,54,81,-9999,-9999,1,-9999,-9999,-9999,-9999,-9999,-9999
GHCND:USW00014768,ROCHESTER GREATER ROCHESTER INTERNATIONAL AIRPORT NY US,20140925,0,0,0,228,100,16,100,110,63,76,-9999,-9999,-9999,-9999,-9999,-9999,-9999,1,-9999
GHCND:USW00014768,ROCHESTER GREATER ROCHESTER INTERNATIONAL AIRPORT NY US,20140926,0,0,0,244,94,17,30,30,45,63,-9999,-9999,-9999,-9999,-9999,-9999,-9999,-9999,-9999
GHCND:USW00014768,ROCHESTER GREATER ROCHESTER INTERNATIONAL AIRPORT NY US,20140927,0,0,0,256,100,20,30,30,45,63,-9999,-9999,1,-9999,-9999,-9999,-9999,-9999,-9999
GHCND:USW00014768,ROCHESTER GREATER ROCHESTER INTERNATIONAL AIRPORT NY US,20140928,0,0,0,267,106,16,60,30,45,58,-9999,-9999,1,-9999,-9999,-9999,-9999,-9999,-9999
GHCND:USW00014768,ROCHESTER GREATER ROCHESTER INTERNATIONAL AIRPORT NY US,20140929,0,0,0,261,117,20,360,360,67,76,-9999,-9999,1,-9999,-9999,-9999,-9999,-9999,-9999
GHCND:USW00014768,ROCHESTER GREATER ROCHESTER INTERNATIONAL AIRPORT NY US,20140930,0,0,0,239,128,30,20,60,72,85,-9999,-9999,1,-9999,-9999,-9999,-9999,1,-9999
GHCND:USW00014768,ROCHESTER GREATER ROCHESTER INTERNATIONAL AIRPORT NY US,20141001,0,0,0,206,128,24,40,10,58,72,-9999,-9999,1,-9999,-9999,1,-9999,1,-9999
GHCND:USW00014768,ROCHESTER GREATER ROCHESTER INTERNATIONAL AIRPORT NY US,20141002,0,0,0,239,111,20,180,140,45,63,-9999,-9999,1,-9999,-9999,1,-9999,-9999,-9999
GHCND:USW00014768,ROCHESTER GREATER ROCHESTER INTERNATIONAL AIRPORT NY US,20141003,8,0,0,228,139,59,180,170,139,192,-9999,-9999,-9999,-9999,-9999,-9999,-9999,-9999,-9999
GHCND:USW00014768,ROCHESTER GREATER ROCHESTER INTERNATIONAL AIRPORT NY US,20141004,48,0,0,194,44,54,270,280,125,165,-9999,-9999,1,-9999,-9999,-9999,-9999,-9999,-9999
GHCND:USW00014768,ROCHESTER GREATER ROCHESTER INTERNATIONAL AIRPORT NY US,20141005,0,0,0,117,33,45,230,250,98,130,-9999,-9999,-9999,-9999,-9999,-9999,-9999,-9999,-9999
GHCND:USW00014768,ROCHESTER GREATER ROCHESTER INTERNATIONAL AIRPORT NY US,20141006,25,0,0,206,61,44,190,190,98,143,-9999,-9999,-9999,-9999,-9999,-9999,-9999,-9999,-9999
GHCND:USW00014768,ROCHESTER GREATER ROCHESTER INTERNATIONAL AIRPORT NY US,20141007,38,0,0,200,133,42,230,230,134,165,-9999,-9999,1,-9999,-9999,-9999,-9999,-9999,-9999
GHCND:USW00014768,ROCHESTER GREATER ROCHESTER INTERNATIONAL AIRPORT NY US,20141008,25,0,0,167,89,62,260,250,165,215,-9999,-9999,1,-9999,-9999,-9999,-9999,1,-9999
GHCND:USW00014768,ROCHESTER GREATER ROCHESTER INTERNATIONAL AIRPORT NY US,20141009,0,0,0,167,39,47,260,270,112,152,-9999,-9999,-9999,-9999,-9999,-9999,-9999,-9999,-9999
GHCND:USW00014768,ROCHESTER GREATER ROCHESTER INTERNATIONAL AIRPORT NY US,20141010,0,0,0,150,39,28,320,30,72,98,-9999,-9999,-9999,-9999,-9999,-9999,-9999,-9999,-9999
GHCND:USW00014768,ROCHESTER GREATER ROCHESTER INTERNATIONAL AIRPORT NY US,20141011,0,0,0,139,28,20,330,360,63,85,-9999,-9999,-9999,-9999,-9999,-9999,-9999,-9999,-9999
GHCND:USW00014768,ROCHESTER GREATER ROCHESTER INTERNATIONAL AIRPORT NY US,20141012,0,0,0,156,6,24,50,130,58,72,-9999,-9999,-9999,-9999,-9999,-9999,-9999,-9999,-9999
GHCND:USW00014768,ROCHESTER GREATER ROCHESTER INTERNATIONAL AIRPORT NY US,20141013,13,0,0,228,50,30,180,180,72,94,-9999,-9999,1,-9999,-9999,-9999,-9999,-9999,-9999
GHCND:USW00014768,ROCHESTER GREATER ROCHESTER INTERNATIONAL AIRPORT NY US,20141014,3,0,0,278,161,64,190,190,134,174,-9999,-9999,-9999,-9999,-9999,-9999,-9999,-9999,-9999
GHCND:USW00014768,ROCHESTER GREATER ROCHESTER INTERNATIONAL AIRPORT NY US,20141015,36,0,0,233,156,31,260,150,98,130,-9999,-9999,1,-9999,-9999,-9999,-9999,-9999,-9999
GHCND:USW00014768,ROCHESTER GREATER ROCHESTER INTERNATIONAL AIRPORT NY US,20141016,0,0,0,206,117,37,250,250,94,116,-9999,-9999,1,-9999,-9999,1,-9999,-9999,-9999
GHCND:USW00014768,ROCHESTER GREATER ROCHESTER INTERNATIONAL AIRPORT NY US,20141017,18,0,0,189,111,41,210,190,89,130,-9999,-9999,1,-9999,-9999,-9999,-9999,-9999,-9999
GHCND:USW00014768,ROCHESTER GREATER ROCHESTER INTERNATIONAL AIRPORT NY US,20141018,18,0,0,167,56,55,240,240,103,130,-9999,-9999,1,-9999,-9999,-9999,-9999,-9999,-9999
GHCND:USW00014768,ROCHESTER GREATER ROCHESTER INTERNATIONAL AIRPORT NY US,20141019,3,0,0,83,17,41,290,300,94,107,-9999,-9999,-9999,-9999,-9999,-9999,-9999,-9999,-9999
GHCND:USW00014768,ROCHESTER GREATER ROCHESTER INTERNATIONAL AIRPORT NY US,20141020,61,0,0,122,22,30,200,200,72,98,-9999,-9999,1,-9999,-9999,-9999,-9999,-9999,-9999
GHCND:USW00014768,ROCHESTER GREATER ROCHESTER INTERNATIONAL AIRPORT NY US,20141021,135,0,0,128,83,43,40,30,103,139,-9999,-9999,1,-9999,-9999,-9999,-9999,1,-9999
GHCND:USW00014768,ROCHESTER GREATER ROCHESTER INTERNATIONAL AIRPORT NY US,20141022,0,0,0,106,83,61,20,10,89,112,-9999,-9999,-9999,-9999,-9999,-9999,-9999,-9999,-9999
GHCND:USW00014768,ROCHESTER GREATER ROCHESTER INTERNATIONAL AIRPORT NY US,20141023,0,0,0,156,83,54,320,340,94,125,-9999,-9999,-9999,-9999,-9999,-9999,-9999,-9999,-9999
GHCND:USW00014768,ROCHESTER GREATER ROCHESTER INTERNATIONAL AIRPORT NY US,20141024,0,0,0,156,61,42,260,260,76,103,-9999,-9999,-9999,-9999,-9999,-9999,-9999,-9999,-9999
GHCND:USW00014768,ROCHESTER GREATER ROCHESTER INTERNATIONAL AIRPORT NY US,20141025,25,0,0,189,67,51,250,250,148,197,-9999,-9999,1,-9999,1,-9999,-9999,-9999,1
GHCND:USW00014768,ROCHESTER GREATER ROCHESTER INTERNATIONAL AIRPORT NY US,20141026,0,0,0,111,61,59,280,270,103,143,-9999,-9999,-9999,-9999,-9999,-9999,-9999,-9999,-9999
GHCND:USW00014768,ROCHESTER GREATER ROCHESTER INTERNATIONAL AIRPORT NY US,20141027,0,0,0,156,17,25,130,130,63,89,-9999,-9999,-9999,-9999,-9999,-9999,-9999,-9999,-9999
GHCND:USW00014768,ROCHESTER GREATER ROCHESTER INTERNATIONAL AIRPORT NY US,20141028,10,0,0,267,106,62,230,220,116,165,-9999,-9999,1,-9999,-9999,-9999,-9999,-9999,-9999
GHCND:USW00014768,ROCHESTER GREATER ROCHESTER INTERNATIONAL AIRPORT NY US,20141029,0,0,0,139,78,42,220,270,81,107,-9999,-9999,-9999,-9999,-9999,-9999,-9999,-9999,-9999
GHCND:USW00014768,ROCHESTER GREATER ROCHESTER INTERNATIONAL AIRPORT NY US,20141030,0,0,0,94,39,25,300,310,67,85,-9999,-9999,-9999,-9999,-9999,-9999,-9999,-9999,-9999
GHCND:USW00014768,ROCHESTER GREATER ROCHESTER INTERNATIONAL AIRPORT NY US,20141031,15,0,0,100,50,22,140,140,72,85,-9999,-9999,-9999,-9999,-9999,-9999,-9999,-9999,-9999
GHCND:USW00014768,ROCHESTER GREATER ROCHESTER INTERNATIONAL AIRPORT NY US,20141101,135,0,0,67,28,57,10,10,98,121,-9999,-9999,1,-9999,-9999,-9999,-9999,-9999,-9999
GHCND:USW00014768,ROCHESTER GREATER ROCHESTER INTERNATIONAL AIRPORT NY US,20141102,0,0,0,56,22,60,360,360,107,139,-9999,-9999,-9999,-9999,-9999,-9999,-9999,1,-9999
GHCND:USW00014768,ROCHESTER GREATER ROCHESTER INTERNATIONAL AIRPORT NY US,20141103,0,0,0,139,39,47,260,250,116,165,-9999,-9999,-9999,-9999,-9999,-9999,-9999,-9999,-9999
GHCND:USW00014768,ROCHESTER GREATER ROCHESTER INTERNATIONAL AIRPORT NY US,20141104,13,0,0,206,89,51,260,260,103,143,-9999,-9999,1,-9999,-9999,-9999,-9999,-9999,-9999
GHCND:USW00014768,ROCHESTER GREATER ROCHESTER INTERNATIONAL AIRPORT NY US,20141105,0,0,0,139,22,56,240,250,143,188,-9999,-9999,-9999,-9999,-9999,-9999,-9999,-9999,-9999
GHCND:USW00014768,ROCHESTER GREATER ROCHESTER INTERNATIONAL AIRPORT NY US,20141106,102,0,0,72,6,13,100,90,36,45,-9999,-9999,1,-9999,-9999,-9999,-9999,-9999,-9999
GHCND:USW00014768,ROCHESTER GREATER ROCHESTER INTERNATIONAL AIRPORT NY US,20141107,114,0,0,61,6,42,320,320,107,139,-9999,-9999,1,-9999,-9999,-9999,-9999,-9999,-9999
GHCND:USW00014768,ROCHESTER GREATER ROCHESTER INTERNATIONAL AIRPORT NY US,20141108,0,0,0,78,-10,34,260,260,103,134,-9999,-9999,-9999,-9999,-9999,-9999,-9999,-9999,-9999
GHCND:USW00014768,ROCHESTER GREATER ROCHESTER INTERNATIONAL AIRPORT NY US,20141109,0,0,0,78,33,40,270,270,81,107,-9999,-9999,-9999,-9999,-9999,-9999,-9999,-9999,-9999
GHCND:USW00014768,ROCHESTER GREATER ROCHESTER INTERNATIONAL AIRPORT NY US,20141110,0,0,0,144,44,29,200,200,94,130,-9999,-9999,-9999,-9999,-9999,-9999,-9999,-9999,-9999
GHCND:USW00014768,ROCHESTER GREATER ROCHESTER INTERNATIONAL AIRPORT NY US,20141111,0,0,0,206,106,51,190,190,94,130,-9999,-9999,-9999,-9999,-9999,-9999,-9999,-9999,-9999
GHCND:USW00014768,ROCHESTER GREATER ROCHESTER INTERNATIONAL AIRPORT NY US,20141112,0,0,0,144,17,66,280,280,116,148,-9999,-9999,-9999,-9999,-9999,-9999,-9999,-9999,-9999
GHCND:USW00014768,ROCHESTER GREATER ROCHESTER INTERNATIONAL AIRPORT NY US,20141113,3,0,5,28,-16,41,270,280,72,94,-9999,-9999,1,-9999,-9999,-9999,-9999,-9999,-9999
GHCND:USW00014768,ROCHESTER GREATER ROCHESTER INTERNATIONAL AIRPORT NY US,20141114,0,0,5,28,-32,48,280,270,98,121,-9999,-9999,1,-9999,-9999,-9999,-9999,1,-9999
GHCND:USW00014768,ROCHESTER GREATER ROCHESTER INTERNATIONAL AIRPORT NY US,20141115,0,0,0,39,-16,37,260,250,72,89,-9999,-9999,1,-9999,-9999,-9999,-9999,-9999,-9999
GHCND:USW00014768,ROCHESTER GREATER ROCHESTER INTERNATIONAL AIRPORT NY US,20141116,0,0,0,44,-5,38,250,250,81,94,-9999,-9999,-9999,-9999,-9999,-9999,-9999,-9999,-9999
GHCND:USW00014768,ROCHESTER GREATER ROCHESTER INTERNATIONAL AIRPORT NY US,20141117,91,0,74,22,-32,38,270,270,116,165,-9999,1,1,-9999,-9999,-9999,-9999,1,-9999
GHCND:USW00014768,ROCHESTER GREATER ROCHESTER INTERNATIONAL AIRPORT NY US,20141118,5,30,10,-32,-82,90,240,230,134,174,-9999,1,1,-9999,-9999,-9999,-9999,1,-9999
GHCND:USW00014768,ROCHESTER GREATER ROCHESTER INTERNATIONAL AIRPORT NY US,20141119,8,30,15,0,-93,58,240,240,107,139,-9999,-9999,1,-9999,-9999,-9999,-9999,1,-9999
GHCND:USW00014768,ROCHESTER GREATER ROCHESTER INTERNATIONAL AIRPORT NY US,20141120,23,80,66,-5,-60,62,260,270,125,174,-9999,1,1,-9999,-9999,-9999,-9999,-9999,-9999
GHCND:USW00014768,ROCHESTER GREATER ROCHESTER INTERNATIONAL AIRPORT NY US,20141121,0,80,10,-16,-71,47,260,260,76,107,-9999,-9999,-9999,-9999,-9999,-9999,-9999,-9999,-9999
GHCND:USW00014768,ROCHESTER GREATER ROCHESTER INTERNATIONAL AIRPORT NY US,20141122,20,30,0,72,-49,64,220,210,89,130,-9999,-9999,1,-9999,-9999,-9999,-9999,-9999,-9999
GHCND:USW00014768,ROCHESTER GREATER ROCHESTER INTERNATIONAL AIRPORT NY US,20141123,10,0,0,128,61,39,170,160,89,125,-9999,-9999,1,-9999,-9999,-9999,-9999,-9999,-9999
GHCND:USW00014768,ROCHESTER GREATER ROCHESTER INTERNATIONAL AIRPORT NY US,20141124,20,0,0,211,72,86,260,270,157,192,-9999,-9999,-9999,-9999,-9999,-9999,-9999,-9999,-9999
GHCND:USW00014768,ROCHESTER GREATER ROCHESTER INTERNATIONAL AIRPORT NY US,20141125,0,0,0,78,17,76,240,250,148,192,-9999,-9999,-9999,-9999,-9999,-9999,-9999,-9999,-9999
GHCND:USW00014768,ROCHESTER GREATER ROCHESTER INTERNATIONAL AIRPORT NY US,20141126,20,0,23,28,-10,27,50,50,76,89,-9999,-9999,1,-9999,-9999,-9999,-9999,-9999,-9999
GHCND:USW00014768,ROCHESTER GREATER ROCHESTER INTERNATIONAL AIRPORT NY US,20141127,13,30,10,6,-21,26,290,280,45,58,-9999,-9999,1,-9999,-9999,-9999,-9999,-9999,-9999
GHCND:USW00014768,ROCHESTER GREATER ROCHESTER INTERNATIONAL AIRPORT NY US,20141128,5,30,13,-10,-43,44,270,290,89,112,-9999,-9999,1,-9999,-9999,-9999,-9999,-9999,-9999
GHCND:USW00014768,ROCHESTER GREATER ROCHESTER INTERNATIONAL AIRPORT NY US,20141129,0,0,0,50,-38,43,200,190,89,125,-9999,-9999,-9999,-9999,-9999,-9999,-9999,-9999,-9999
GHCND:USW00014768,ROCHESTER GREATER ROCHESTER INTERNATIONAL AIRPORT NY US,20141130,30,0,0,161,50,58,190,200,98,125,-9999,-9999,1,-9999,-9999,-9999,-9999,-9999,-9999
GHCND:USW00014768,ROCHESTER GREATER ROCHESTER INTERNATIONAL AIRPORT NY US,20141201,0,0,0,133,-27,56,330,290,89,112,-9999,-9999,1,-9999,-9999,-9999,-9999,-9999,-9999
GHCND:USW00014768,ROCHESTER GREATER ROCHESTER INTERNATIONAL AIRPORT NY US,20141202,28,0,3,50,-49,45,190,210,81,112,-9999,-9999,1,-9999,-9999,-9999,-9999,1,-9999
GHCND:USW00014768,ROCHESTER GREATER ROCHESTER INTERNATIONAL AIRPORT NY US,20141203,10,0,0,56,11,60,270,260,112,152,-9999,-9999,1,-9999,-9999,-9999,-9999,-9999,-9999
GHCND:USW00014768,ROCHESTER GREATER ROCHESTER INTERNATIONAL AIRPORT NY US,20141204,0,0,0,17,-43,40,280,270,98,143,-9999,-9999,-9999,-9999,-9999,-9999,-9999,-9999,-9999
GHCND:USW00014768,ROCHESTER GREATER ROCHESTER INTERNATIONAL AIRPORT NY US,20141205,0,0,0,50,-43,32,190,190,76,107,-9999,-9999,1,-9999,-9999,-9999,-9999,-9999,-9999
GHCND:USW00014768,ROCHESTER GREATER ROCHESTER INTERNATIONAL AIRPORT NY US,20141206,91,0,0,39,17,34,20,20,76,89,-9999,-9999,1,-9999,-9999,-9999,-9999,-9999,-9999
GHCND:USW00014768,ROCHESTER GREATER ROCHESTER INTERNATIONAL AIRPORT NY US,20141207,0,0,0,22,-55,44,40,50,81,107,-9999,-9999,-9999,-9999,-9999,-9999,-9999,-9999,-9999
GHCND:USW00014768,ROCHESTER GREATER ROCHESTER INTERNATIONAL AIRPORT NY US,20141208,0,0,0,28,-60,44,160,150,103,148,-9999,-9999,-9999,-9999,-9999,-9999,-9999,-9999,-9999
GHCND:USW00014768,ROCHESTER GREATER ROCHESTER INTERNATIONAL AIRPORT NY US,20141209,0,0,0,78,-5,38,20,20,89,103,-9999,-9999,-9999,-9999,-9999,-9999,-9999,-9999,-9999
GHCND:USW00014768,ROCHESTER GREATER ROCHESTER INTERNATIONAL AIRPORT NY US,20141210,201,0,221,22,-21,60,330,350,98,125,-9999,-9999,1,-9999,-9999,-9999,-9999,-9999,-9999
GHCND:USW00014768,ROCHESTER GREATER ROCHESTER INTERNATIONAL AIRPORT NY US,20141211,38,280,66,-21,-38,43,290,300,72,94,-9999,-9999,1,-9999,-9999,-9999,-9999,-9999,-9999
GHCND:USW00014768,ROCHESTER GREATER ROCHESTER INTERNATIONAL AIRPORT NY US,20141212,0,200,0,6,-38,41,300,300,89,116,-9999,-9999,1,-9999,-9999,-9999,-9999,-9999,-9999
GHCND:USW00014768,ROCHESTER GREATER ROCHESTER INTERNATIONAL AIRPORT NY US,20141213,8,180,5,22,-5,45,260,270,94,112,-9999,-9999,1,-9999,-9999,-9999,-9999,-9999,-9999
GHCND:USW00014768,ROCHESTER GREATER ROCHESTER INTERNATIONAL AIRPORT NY US,20141214,3,150,0,33,17,26,310,300,58,67,-9999,-9999,1,-9999,-9999,-9999,-9999,-9999,-9999
GHCND:USW00014768,ROCHESTER GREATER ROCHESTER INTERNATIONAL AIRPORT NY US,20141215,0,80,0,28,17,14,150,120,40,54,-9999,-9999,1,-9999,-9999,-9999,-9999,-9999,-9999
GHCND:USW00014768,ROCHESTER GREATER ROCHESTER INTERNATIONAL AIRPORT NY US,20141216,74,50,0,67,17,33,200,210,67,94,-9999,-9999,1,-9999,-9999,-9999,-9999,-9999,-9999
GHCND:USW00014768,ROCHESTER GREATER ROCHESTER INTERNATIONAL AIRPORT NY US,20141217,18,0,10,67,0,73,260,260,130,165,-9999,-9999,1,-9999,-9999,-9999,-9999,-9999,-9999
GHCND:USW00014768,ROCHESTER GREATER ROCHESTER INTERNATIONAL AIRPORT NY US,20141218,5,0,0,6,-21,59,270,290,94,130,-9999,-9999,1,1,-9999,-9999,-9999,-9999,-9999
GHCND:USW00014768,ROCHESTER GREATER ROCHESTER INTERNATIONAL AIRPORT NY US,20141219,0,0,0,-10,-38,39,300,320,72,94,-9999,-9999,-9999,1,-9999,-9999,-9999,-9999,-9999
GHCND:USW00014768,ROCHESTER GREATER ROCHESTER INTERNATIONAL AIRPORT NY US,20141220,0,0,0,0,-21,13,280,300,40,54,-9999,-9999,-9999,-9999,-9999,-9999,-9999,1,-9999
GHCND:USW00014768,ROCHESTER GREATER ROCHESTER INTERNATIONAL AIRPORT NY US,20141221,0,0,0,28,-32,17,140,290,40,49,-9999,-9999,-9999,-9999,-9999,-9999,-9999,-9999,-9999
GHCND:USW00014768,ROCHESTER GREATER ROCHESTER INTERNATIONAL AIRPORT NY US,20141222,0,0,0,44,-27,35,150,150,63,76,-9999,-9999,-9999,-9999,-9999,-9999,-9999,-9999,-9999
GHCND:USW00014768,ROCHESTER GREATER ROCHESTER INTERNATIONAL AIRPORT NY US,20141223,20,0,0,106,17,31,170,180,63,81,-9999,-9999,1,-9999,-9999,-9999,-9999,-9999,-9999
GHCND:USW00014768,ROCHESTER GREATER ROCHESTER INTERNATIONAL AIRPORT NY US,20141224,28,0,0,139,83,45,270,280,148,179,-9999,-9999,-9999,-9999,-9999,-9999,-9999,-9999,-9999
GHCND:USW00014768,ROCHESTER GREATER ROCHESTER INTERNATIONAL AIRPORT NY US,20141225,5,0,0,111,44,99,250,250,183,237,-9999,-9999,-9999,-9999,-9999,-9999,-9999,-9999,-9999
GHCND:USW00014768,ROCHESTER GREATER ROCHESTER INTERNATIONAL AIRPORT NY US,20141226,0,0,0,83,0,40,270,270,103,134,-9999,-9999,-9999,-9999,-9999,-9999,-9999,-9999,-9999
GHCND:USW00014768,ROCHESTER GREATER ROCHESTER INTERNATIONAL AIRPORT NY US,20141227,0,0,0,128,-5,38,210,210,81,116,-9999,-9999,-9999,-9999,-9999,-9999,-9999,-9999,-9999
GHCND:USW00014768,ROCHESTER GREATER ROCHESTER INTERNATIONAL AIRPORT NY US,20141228,13,0,0,117,-10,53,300,260,103,134,-9999,-9999,-9999,-9999,-9999,-9999,-9999,-9999,-9999
GHCND:USW00014768,ROCHESTER GREATER ROCHESTER INTERNATIONAL AIRPORT NY US,20141229,0,0,3,0,-38,31,10,10,76,85,-9999,-9999,1,-9999,-9999,-9999,-9999,-9999,-9999
GHCND:USW00014768,ROCHESTER GREATER ROCHESTER INTERNATIONAL AIRPORT NY US,20141230,20,30,48,-32,-66,28,270,250,94,121,-9999,-9999,1,-9999,-9999,-9999,-9999,-9999,-9999
GHCND:USW00014768,ROCHESTER GREATER ROCHESTER INTERNATIONAL AIRPORT NY US,20141231,25,30,66,-49,-88,67,240,230,116,152,-9999,-9999,1,-9999,-9999,-9999,-9999,1,-9999
